{
  "expression": "complex_arithmetic",
  "iterations": 20,
  "orus": {
    "avg": 0.000708341849997396,
    "min": 0.0005824710000013056,
    "max": 0.0010005999999975757
  },
  "python": {
    "avg": 0.012978146200002528,
    "min": 0.010227304000011372,
    "max": 0.02270978000001378
  }
}
